Insert into T_MC_ESTADO (SG_ESTADO,NM_ESTADO) values ('AC','Acre');
Insert into T_MC_ESTADO (SG_ESTADO,NM_ESTADO) values ('AL','Alagoas');
Insert into T_MC_ESTADO (SG_ESTADO,NM_ESTADO) values ('AP','Amapa');
Insert into T_MC_ESTADO (SG_ESTADO,NM_ESTADO) values ('AM','Amazona');
Insert into T_MC_ESTADO (SG_ESTADO,NM_ESTADO) values ('BA','Bahia');
Insert into T_MC_ESTADO (SG_ESTADO,NM_ESTADO) values ('CE','Ceara');
Insert into T_MC_ESTADO (SG_ESTADO,NM_ESTADO) values ('DF','Distrito Federa');
Insert into T_MC_ESTADO (SG_ESTADO,NM_ESTADO) values ('ES','Espirito Santo');
Insert into T_MC_ESTADO (SG_ESTADO,NM_ESTADO) values ('GO','Goias');
Insert into T_MC_ESTADO (SG_ESTADO,NM_ESTADO) values ('MA','Maranhao');
Insert into T_MC_ESTADO (SG_ESTADO,NM_ESTADO) values ('MT','Mato Grosso');
Insert into T_MC_ESTADO (SG_ESTADO,NM_ESTADO) values ('MS','Mato Grosso do Sul');
Insert into T_MC_ESTADO (SG_ESTADO,NM_ESTADO) values ('MG','Minas Gerais');
Insert into T_MC_ESTADO (SG_ESTADO,NM_ESTADO) values ('PA','Para');
Insert into T_MC_ESTADO (SG_ESTADO,NM_ESTADO) values ('PB','Paraiba');
Insert into T_MC_ESTADO (SG_ESTADO,NM_ESTADO) values ('PR','Parana');
Insert into T_MC_ESTADO (SG_ESTADO,NM_ESTADO) values ('PE','Pernambuco');
Insert into T_MC_ESTADO (SG_ESTADO,NM_ESTADO) values ('PI','Piaui');
Insert into T_MC_ESTADO (SG_ESTADO,NM_ESTADO) values ('RJ','Rio de Janeiro');
Insert into T_MC_ESTADO (SG_ESTADO,NM_ESTADO) values ('RN','Rio Grande do Norte');
Insert into T_MC_ESTADO (SG_ESTADO,NM_ESTADO) values ('RS','Rio Grande do Sul');
Insert into T_MC_ESTADO (SG_ESTADO,NM_ESTADO) values ('RO','Rondonia');
Insert into T_MC_ESTADO (SG_ESTADO,NM_ESTADO) values ('RR','Roraima');
Insert into T_MC_ESTADO (SG_ESTADO,NM_ESTADO) values ('SC','Santa Catarina');
Insert into T_MC_ESTADO (SG_ESTADO,NM_ESTADO) values ('SP','Sao Paulo');
Insert into T_MC_ESTADO (SG_ESTADO,NM_ESTADO) values ('SE','Sergipe');
Insert into T_MC_ESTADO (SG_ESTADO,NM_ESTADO) values ('TO','Tocantins');

Insert into T_SSP_CIDADE (CD_CIDADE,T_SSP_ESTADO_SG_EST,NM_CIDADE) values ('1','SP','São paulo');
Insert into T_SSP_CIDADE (CD_CIDADE,T_SSP_ESTADO_SG_EST,NM_CIDADE) values ('2','SP','Guarulho');
Insert into T_SSP_CIDADE (CD_CIDADE,T_SSP_ESTADO_SG_EST,NM_CIDADE) values ('3','SP','Maua');
Insert into T_SSP_CIDADE (CD_CIDADE,T_SSP_ESTADO_SG_EST,NM_CIDADE) values ('4','SP','Barueri');
Insert into T_SSP_CIDADE (CD_CIDADE,T_SSP_ESTADO_SG_EST,NM_CIDADE) values ('5','SP','Osasco');
Insert into T_SSP_CIDADE (CD_CIDADE,T_SSP_ESTADO_SG_EST,NM_CIDADE) values ('6','SP','Itapevi');
Insert into T_SSP_CIDADE (CD_CIDADE,T_SSP_ESTADO_SG_EST,NM_CIDADE) values ('7','SP','Suzano');
Insert into T_SSP_CIDADE (CD_CIDADE,T_SSP_ESTADO_SG_EST,NM_CIDADE) values ('8','SP','Santo Andre');
Insert into T_SSP_CIDADE (CD_CIDADE,T_SSP_ESTADO_SG_EST,NM_CIDADE) values ('9','SP','Santo Amaro');
Insert into T_SSP_CIDADE (CD_CIDADE,T_SSP_ESTADO_SG_EST,NM_CIDADE) values ('10','SP','Cotia');
Insert into T_SSP_CIDADE (CD_CIDADE,T_SSP_ESTADO_SG_EST,NM_CIDADE) values ('11','SP','Embu das Artes');
Insert into T_SSP_CIDADE (CD_CIDADE,T_SSP_ESTADO_SG_EST,NM_CIDADE) values ('12','SP','Sao Jose dos Campos');
Insert into T_SSP_CIDADE (CD_CIDADE,T_SSP_ESTADO_SG_EST,NM_CIDADE) values ('13','SP','Mogi das Cruzes');
Insert into T_SSP_CIDADE (CD_CIDADE,T_SSP_ESTADO_SG_EST,NM_CIDADE) values ('14','SP','Valinhos');
Insert into T_SSP_CIDADE (CD_CIDADE,T_SSP_ESTADO_SG_EST,NM_CIDADE) values ('15','SP','Consolacao');

Insert into T_SSP_BAIRRO (CD_BAIRRO,T_SSP_CIDADE_CD_CID,NM_BAIRRO) values ('1','1','Vila Mariana');
Insert into T_SSP_BAIRRO (CD_BAIRRO,T_SSP_CIDADE_CD_CID,NM_BAIRRO) values ('2','1','Ipiranga');
Insert into T_SSP_BAIRRO (CD_BAIRRO,T_SSP_CIDADE_CD_CID,NM_BAIRRO) values ('3','2','Jardim Gumercindo');
Insert into T_SSP_BAIRRO (CD_BAIRRO,T_SSP_CIDADE_CD_CID,NM_BAIRRO) values ('4','3','Vila Bocaina');
Insert into T_SSP_BAIRRO (CD_BAIRRO,T_SSP_CIDADE_CD_CID,NM_BAIRRO) values ('5','4','Vila Pouso Alegre');
Insert into T_SSP_BAIRRO (CD_BAIRRO,T_SSP_CIDADE_CD_CID,NM_BAIRRO) values ('6','5','Jardim das Flores');
Insert into T_SSP_BAIRRO (CD_BAIRRO,T_SSP_CIDADE_CD_CID,NM_BAIRRO) values ('7','6','Parque Suburbano');
Insert into T_SSP_BAIRRO (CD_BAIRRO,T_SSP_CIDADE_CD_CID,NM_BAIRRO) values ('8','7','Centro');
Insert into T_SSP_BAIRRO (CD_BAIRRO,T_SSP_CIDADE_CD_CID,NM_BAIRRO) values ('9','8','Jardim Pilar');
Insert into T_SSP_BAIRRO (CD_BAIRRO,T_SSP_CIDADE_CD_CID,NM_BAIRRO) values ('10','9','Santo Amaro');
Insert into T_SSP_BAIRRO (CD_BAIRRO,T_SSP_CIDADE_CD_CID,NM_BAIRRO) values ('11','10','Nakamura Park');
Insert into T_SSP_BAIRRO (CD_BAIRRO,T_SSP_CIDADE_CD_CID,NM_BAIRRO) values ('12','11','Jardim Santa Emilia');
Insert into T_SSP_BAIRRO (CD_BAIRRO,T_SSP_CIDADE_CD_CID,NM_BAIRRO) values ('13','12','Parque Interlagos');
Insert into T_SSP_BAIRRO (CD_BAIRRO,T_SSP_CIDADE_CD_CID,NM_BAIRRO) values ('14','13','Centro');
Insert into T_SSP_BAIRRO (CD_BAIRRO,T_SSP_CIDADE_CD_CID,NM_BAIRRO) values ('15','14','Parque Residencial Maison Blanche');
Insert into T_SSP_BAIRRO (CD_BAIRRO,T_SSP_CIDADE_CD_CID,NM_BAIRRO) values ('16','15','Cerqueira Cesar');

Insert into T_SSP_LOGRADOURO (CD_LOGRADOURO,T_SSP_BAIR_CD_BAIR,NM_LOGRADOURO,NR_CEP) values ('1','1','Rua Francisco Cruz','04117090');
Insert into T_SSP_LOGRADOURO (CD_LOGRADOURO,T_SSP_BAIR_CD_BAIR,NM_LOGRADOURO,NR_CEP) values ('2','2','Rua Dom Lucas Obes','04212020');
Insert into T_SSP_LOGRADOURO (CD_LOGRADOURO,T_SSP_BAIR_CD_BAIR,NM_LOGRADOURO,NR_CEP) values ('3','3','Rua Candida Matos Silva','07090060');
Insert into T_SSP_LOGRADOURO (CD_LOGRADOURO,T_SSP_BAIR_CD_BAIR,NM_LOGRADOURO,NR_CEP) values ('4','4','Rua Alvares Machado','09310020');
Insert into T_SSP_LOGRADOURO (CD_LOGRADOURO,T_SSP_BAIR_CD_BAIR,NM_LOGRADOURO,NR_CEP) values ('5','5','Rua Antonio Pereira Tendeiro','06402070');
Insert into T_SSP_LOGRADOURO (CD_LOGRADOURO,T_SSP_BAIR_CD_BAIR,NM_LOGRADOURO,NR_CEP) values ('6','6','Rua Papoula','06110210');
Insert into T_SSP_LOGRADOURO (CD_LOGRADOURO,T_SSP_BAIR_CD_BAIR,NM_LOGRADOURO,NR_CEP) values ('7','7','Rua dos Paulistas','06663430');
Insert into T_SSP_LOGRADOURO (CD_LOGRADOURO,T_SSP_BAIR_CD_BAIR,NM_LOGRADOURO,NR_CEP) values ('8','8','Rua Eliziel Alves Costa','08673110');
Insert into T_SSP_LOGRADOURO (CD_LOGRADOURO,T_SSP_BAIR_CD_BAIR,NM_LOGRADOURO,NR_CEP) values ('9','9','Rua Alberto Torres','09185760');
Insert into T_SSP_LOGRADOURO (CD_LOGRADOURO,T_SSP_BAIR_CD_BAIR,NM_LOGRADOURO,NR_CEP) values ('10','10','Rua DR. Licinio Maragliano','04753130');
Insert into T_SSP_LOGRADOURO (CD_LOGRADOURO,T_SSP_BAIR_CD_BAIR,NM_LOGRADOURO,NR_CEP) values ('11','11','Rua Osaka','06716770');
Insert into T_SSP_LOGRADOURO (CD_LOGRADOURO,T_SSP_BAIR_CD_BAIR,NM_LOGRADOURO,NR_CEP) values ('12','12','Viela das Violetas','06820223');
Insert into T_SSP_LOGRADOURO (CD_LOGRADOURO,T_SSP_BAIR_CD_BAIR,NM_LOGRADOURO,NR_CEP) values ('13','13','Rua SC 3','12229823');
Insert into T_SSP_LOGRADOURO (CD_LOGRADOURO,T_SSP_BAIR_CD_BAIR,NM_LOGRADOURO,NR_CEP) values ('14','14','Rua Primeiro de Setembro','08715080');
Insert into T_SSP_LOGRADOURO (CD_LOGRADOURO,T_SSP_BAIR_CD_BAIR,NM_LOGRADOURO,NR_CEP) values ('15','15','Rua Angela Ferraro Menegaldo','13275442');
Insert into T_SSP_LOGRADOURO (CD_LOGRADOURO,T_SSP_BAIR_CD_BAIR,NM_LOGRADOURO,NR_CEP) values ('16','16','Alameda Itu','04191080');
Insert into T_SSP_LOGRADOURO (CD_LOGRADOURO,T_SSP_BAIR_CD_BAIR,NM_LOGRADOURO,NR_CEP) values ('17','16','Alameda Jau','01420002');
Insert into T_SSP_LOGRADOURO (CD_LOGRADOURO,T_SSP_BAIR_CD_BAIR,NM_LOGRADOURO,NR_CEP) values ('18','16','Rua da Consolacao','01416000');
Insert into T_SSP_LOGRADOURO (CD_LOGRADOURO,T_SSP_BAIR_CD_BAIR,NM_LOGRADOURO,NR_CEP) values ('19','16','Rua Bela Cintra','01415000');
Insert into T_SSP_LOGRADOURO (CD_LOGRADOURO,T_SSP_BAIR_CD_BAIR,NM_LOGRADOURO,NR_CEP) values ('20','16','Alameda Franca','01422004');
Insert into T_SSP_LOGRADOURO (CD_LOGRADOURO,T_SSP_BAIR_CD_BAIR,NM_LOGRADOURO,NR_CEP) values ('21','16','Alameda Tiete','01417020');
Insert into T_SSP_LOGRADOURO (CD_LOGRADOURO,T_SSP_BAIR_CD_BAIR,NM_LOGRADOURO,NR_CEP) values ('22','16','Rua Melo Alves','01417010');
Insert into T_SSP_LOGRADOURO (CD_LOGRADOURO,T_SSP_BAIR_CD_BAIR,NM_LOGRADOURO,NR_CEP) values ('23','16','Rua Haddock Lobo','01414000');

Insert into T_SSP_SENSOR (CD_SENSOR,ST_SENSOR) values ('1','A');
Insert into T_SSP_SENSOR (CD_SENSOR,ST_SENSOR) values ('2','A');
Insert into T_SSP_SENSOR (CD_SENSOR,ST_SENSOR) values ('3','A');
Insert into T_SSP_SENSOR (CD_SENSOR,ST_SENSOR) values ('4','A');
Insert into T_SSP_SENSOR (CD_SENSOR,ST_SENSOR) values ('5','A');
Insert into T_SSP_SENSOR (CD_SENSOR,ST_SENSOR) values ('6','A');
Insert into T_SSP_SENSOR (CD_SENSOR,ST_SENSOR) values ('7','A');
Insert into T_SSP_SENSOR (CD_SENSOR,ST_SENSOR) values ('8','A');
Insert into T_SSP_SENSOR (CD_SENSOR,ST_SENSOR) values ('9','A');
Insert into T_SSP_SENSOR (CD_SENSOR,ST_SENSOR) values ('10','A');
Insert into T_SSP_SENSOR (CD_SENSOR,ST_SENSOR) values ('11','A');
Insert into T_SSP_SENSOR (CD_SENSOR,ST_SENSOR) values ('12','A');
Insert into T_SSP_SENSOR (CD_SENSOR,ST_SENSOR) values ('13','A');
Insert into T_SSP_SENSOR (CD_SENSOR,ST_SENSOR) values ('14','A');
Insert into T_SSP_SENSOR (CD_SENSOR,ST_SENSOR) values ('15','A');
Insert into T_SSP_SENSOR (CD_SENSOR,ST_SENSOR) values ('16','A');
Insert into T_SSP_SENSOR (CD_SENSOR,ST_SENSOR) values ('17','A');
Insert into T_SSP_SENSOR (CD_SENSOR,ST_SENSOR) values ('18','A');
Insert into T_SSP_SENSOR (CD_SENSOR,ST_SENSOR) values ('19','A');
Insert into T_SSP_SENSOR (CD_SENSOR,ST_SENSOR) values ('20','A');


Insert into T_SSP_CAMERA (CD_CAMERA,NM_CAMERA) values ('1','CAM1');
Insert into T_SSP_CAMERA (CD_CAMERA,NM_CAMERA) values ('2','CAM2');
Insert into T_SSP_CAMERA (CD_CAMERA,NM_CAMERA) values ('3','CAM3');
Insert into T_SSP_CAMERA (CD_CAMERA,NM_CAMERA) values ('4','CAM4');
Insert into T_SSP_CAMERA (CD_CAMERA,NM_CAMERA) values ('5','CAM5');
Insert into T_SSP_CAMERA (CD_CAMERA,NM_CAMERA) values ('6','CAM6');
Insert into T_SSP_CAMERA (CD_CAMERA,NM_CAMERA) values ('7','CAM7');
Insert into T_SSP_CAMERA (CD_CAMERA,NM_CAMERA) values ('8','CAM8');
Insert into T_SSP_CAMERA (CD_CAMERA,NM_CAMERA) values ('9','CAM9');
Insert into T_SSP_CAMERA (CD_CAMERA,NM_CAMERA) values ('10','CAM10');
Insert into T_SSP_CAMERA (CD_CAMERA,NM_CAMERA) values ('11','CAM11');
Insert into T_SSP_CAMERA (CD_CAMERA,NM_CAMERA) values ('12','CAM12');


Insert into T_SSP_CAT_VAGA (CD_CATEGORIA_VAGA,NR_LARGURA_VAGA,NR_COMPRIMENTO_VAGA,VL_HORA_INICIAL,VL_HORA_COMPLEMENTAR,ST_PREFERENCIAL) values ('1','200','500','7',null,'S');
Insert into T_SSP_CAT_VAGA (CD_CATEGORIA_VAGA,NR_LARGURA_VAGA,NR_COMPRIMENTO_VAGA,VL_HORA_INICIAL,VL_HORA_COMPLEMENTAR,ST_PREFERENCIAL) values ('2','250','600','10',null,'S');
Insert into T_SSP_CAT_VAGA (CD_CATEGORIA_VAGA,NR_LARGURA_VAGA,NR_COMPRIMENTO_VAGA,VL_HORA_INICIAL,VL_HORA_COMPLEMENTAR,ST_PREFERENCIAL) values ('3','100','250','3',null,'N');
Insert into T_SSP_CAT_VAGA (CD_CATEGORIA_VAGA,NR_LARGURA_VAGA,NR_COMPRIMENTO_VAGA,VL_HORA_INICIAL,VL_HORA_COMPLEMENTAR,ST_PREFERENCIAL) values ('4','310','800','12',null,'N');


Insert into T_SSP_VAGA (CD_VAGA,T_SSP_CAT_VAGA_CD_CAT_VAGA,T_SSP_CAMERA_CD_CAM,T_SSP_SENSOR_CD_SEN,NM_VAGA,ST_VAGA) values ('1','1','1','1','VAG1SEN1','O');
Insert into T_SSP_VAGA (CD_VAGA,T_SSP_CAT_VAGA_CD_CAT_VAGA,T_SSP_CAMERA_CD_CAM,T_SSP_SENSOR_CD_SEN,NM_VAGA,ST_VAGA) values ('2','1','1','2','VAG2SEN2','O');
Insert into T_SSP_VAGA (CD_VAGA,T_SSP_CAT_VAGA_CD_CAT_VAGA,T_SSP_CAMERA_CD_CAM,T_SSP_SENSOR_CD_SEN,NM_VAGA,ST_VAGA) values ('3','1','2','3','VAG3SEN3','O');
Insert into T_SSP_VAGA (CD_VAGA,T_SSP_CAT_VAGA_CD_CAT_VAGA,T_SSP_CAMERA_CD_CAM,T_SSP_SENSOR_CD_SEN,NM_VAGA,ST_VAGA) values ('4','1','2','4','VAG4SEN4','L');
Insert into T_SSP_VAGA (CD_VAGA,T_SSP_CAT_VAGA_CD_CAT_VAGA,T_SSP_CAMERA_CD_CAM,T_SSP_SENSOR_CD_SEN,NM_VAGA,ST_VAGA) values ('5','1','3','5','VAG5SEN5','L');
Insert into T_SSP_VAGA (CD_VAGA,T_SSP_CAT_VAGA_CD_CAT_VAGA,T_SSP_CAMERA_CD_CAM,T_SSP_SENSOR_CD_SEN,NM_VAGA,ST_VAGA) values ('6','2','3','6','VAG6SEN6','L');
Insert into T_SSP_VAGA (CD_VAGA,T_SSP_CAT_VAGA_CD_CAT_VAGA,T_SSP_CAMERA_CD_CAM,T_SSP_SENSOR_CD_SEN,NM_VAGA,ST_VAGA) values ('7','2','3','7','VAG7SEN7','O');
Insert into T_SSP_VAGA (CD_VAGA,T_SSP_CAT_VAGA_CD_CAT_VAGA,T_SSP_CAMERA_CD_CAM,T_SSP_SENSOR_CD_SEN,NM_VAGA,ST_VAGA) values ('8','2','4','8','VAG8SEN8','L');
Insert into T_SSP_VAGA (CD_VAGA,T_SSP_CAT_VAGA_CD_CAT_VAGA,T_SSP_CAMERA_CD_CAM,T_SSP_SENSOR_CD_SEN,NM_VAGA,ST_VAGA) values ('9','2','5','9','VAG9SEN9','L');
Insert into T_SSP_VAGA (CD_VAGA,T_SSP_CAT_VAGA_CD_CAT_VAGA,T_SSP_CAMERA_CD_CAM,T_SSP_SENSOR_CD_SEN,NM_VAGA,ST_VAGA) values ('10','2','6','10','VAG10SEN10','L');
Insert into T_SSP_VAGA (CD_VAGA,T_SSP_CAT_VAGA_CD_CAT_VAGA,T_SSP_CAMERA_CD_CAM,T_SSP_SENSOR_CD_SEN,NM_VAGA,ST_VAGA) values ('11','3','6','11','VAG11SEN11','L');
Insert into T_SSP_VAGA (CD_VAGA,T_SSP_CAT_VAGA_CD_CAT_VAGA,T_SSP_CAMERA_CD_CAM,T_SSP_SENSOR_CD_SEN,NM_VAGA,ST_VAGA) values ('12','3','7','12','VAG12SEN12','L');
Insert into T_SSP_VAGA (CD_VAGA,T_SSP_CAT_VAGA_CD_CAT_VAGA,T_SSP_CAMERA_CD_CAM,T_SSP_SENSOR_CD_SEN,NM_VAGA,ST_VAGA) values ('13','3','7','13','VAG13SEN13','L');
Insert into T_SSP_VAGA (CD_VAGA,T_SSP_CAT_VAGA_CD_CAT_VAGA,T_SSP_CAMERA_CD_CAM,T_SSP_SENSOR_CD_SEN,NM_VAGA,ST_VAGA) values ('14','3','7','14','VAG14SEN14','L');
Insert into T_SSP_VAGA (CD_VAGA,T_SSP_CAT_VAGA_CD_CAT_VAGA,T_SSP_CAMERA_CD_CAM,T_SSP_SENSOR_CD_SEN,NM_VAGA,ST_VAGA) values ('15','3','8','15','VAG15SEN15','L');
Insert into T_SSP_VAGA (CD_VAGA,T_SSP_CAT_VAGA_CD_CAT_VAGA,T_SSP_CAMERA_CD_CAM,T_SSP_SENSOR_CD_SEN,NM_VAGA,ST_VAGA) values ('16','4','9','16','VAG16SEN16','L');
Insert into T_SSP_VAGA (CD_VAGA,T_SSP_CAT_VAGA_CD_CAT_VAGA,T_SSP_CAMERA_CD_CAM,T_SSP_SENSOR_CD_SEN,NM_VAGA,ST_VAGA) values ('17','4','9','17','VAG17SEN17','L');
Insert into T_SSP_VAGA (CD_VAGA,T_SSP_CAT_VAGA_CD_CAT_VAGA,T_SSP_CAMERA_CD_CAM,T_SSP_SENSOR_CD_SEN,NM_VAGA,ST_VAGA) values ('18','4','10','18','VAG18SEN18','L');
Insert into T_SSP_VAGA (CD_VAGA,T_SSP_CAT_VAGA_CD_CAT_VAGA,T_SSP_CAMERA_CD_CAM,T_SSP_SENSOR_CD_SEN,NM_VAGA,ST_VAGA) values ('19','4','11','19','VAG19SEN19','L');
Insert into T_SSP_VAGA (CD_VAGA,T_SSP_CAT_VAGA_CD_CAT_VAGA,T_SSP_CAMERA_CD_CAM,T_SSP_SENSOR_CD_SEN,NM_VAGA,ST_VAGA) values ('20','4','12','20','VAG20SEN20','L');

Insert into T_SSP_LOG_VAGA (CD_LOG_VAGA,T_SSP_LOGR_CD_LOGR,T_SSP_VAGA_CD_VAGA) values ('1','16','1');
Insert into T_SSP_LOG_VAGA (CD_LOG_VAGA,T_SSP_LOGR_CD_LOGR,T_SSP_VAGA_CD_VAGA) values ('2','16','2');
Insert into T_SSP_LOG_VAGA (CD_LOG_VAGA,T_SSP_LOGR_CD_LOGR,T_SSP_VAGA_CD_VAGA) values ('3','16','3');
Insert into T_SSP_LOG_VAGA (CD_LOG_VAGA,T_SSP_LOGR_CD_LOGR,T_SSP_VAGA_CD_VAGA) values ('4','16','4');
Insert into T_SSP_LOG_VAGA (CD_LOG_VAGA,T_SSP_LOGR_CD_LOGR,T_SSP_VAGA_CD_VAGA) values ('5','16','5');
Insert into T_SSP_LOG_VAGA (CD_LOG_VAGA,T_SSP_LOGR_CD_LOGR,T_SSP_VAGA_CD_VAGA) values ('6','17','6');
Insert into T_SSP_LOG_VAGA (CD_LOG_VAGA,T_SSP_LOGR_CD_LOGR,T_SSP_VAGA_CD_VAGA) values ('7','17','7');
Insert into T_SSP_LOG_VAGA (CD_LOG_VAGA,T_SSP_LOGR_CD_LOGR,T_SSP_VAGA_CD_VAGA) values ('8','17','8');
Insert into T_SSP_LOG_VAGA (CD_LOG_VAGA,T_SSP_LOGR_CD_LOGR,T_SSP_VAGA_CD_VAGA) values ('9','17','9');
Insert into T_SSP_LOG_VAGA (CD_LOG_VAGA,T_SSP_LOGR_CD_LOGR,T_SSP_VAGA_CD_VAGA) values ('10','18','10');
Insert into T_SSP_LOG_VAGA (CD_LOG_VAGA,T_SSP_LOGR_CD_LOGR,T_SSP_VAGA_CD_VAGA) values ('11','18','11');
Insert into T_SSP_LOG_VAGA (CD_LOG_VAGA,T_SSP_LOGR_CD_LOGR,T_SSP_VAGA_CD_VAGA) values ('12','19','12');
Insert into T_SSP_LOG_VAGA (CD_LOG_VAGA,T_SSP_LOGR_CD_LOGR,T_SSP_VAGA_CD_VAGA) values ('13','19','13');
Insert into T_SSP_LOG_VAGA (CD_LOG_VAGA,T_SSP_LOGR_CD_LOGR,T_SSP_VAGA_CD_VAGA) values ('14','19','14');
Insert into T_SSP_LOG_VAGA (CD_LOG_VAGA,T_SSP_LOGR_CD_LOGR,T_SSP_VAGA_CD_VAGA) values ('15','19','15');
Insert into T_SSP_LOG_VAGA (CD_LOG_VAGA,T_SSP_LOGR_CD_LOGR,T_SSP_VAGA_CD_VAGA) values ('16','20','16');
Insert into T_SSP_LOG_VAGA (CD_LOG_VAGA,T_SSP_LOGR_CD_LOGR,T_SSP_VAGA_CD_VAGA) values ('17','20','17');
Insert into T_SSP_LOG_VAGA (CD_LOG_VAGA,T_SSP_LOGR_CD_LOGR,T_SSP_VAGA_CD_VAGA) values ('18','21','18');
Insert into T_SSP_LOG_VAGA (CD_LOG_VAGA,T_SSP_LOGR_CD_LOGR,T_SSP_VAGA_CD_VAGA) values ('19','22','19');
Insert into T_SSP_LOG_VAGA (CD_LOG_VAGA,T_SSP_LOGR_CD_LOGR,T_SSP_VAGA_CD_VAGA) values ('20','23','20');


Insert into T_SSP_FISCAL (CD_FISCAL,NM_FISCAL,DS_INTERNO_FISCAL) values ('1','Cleber Machado','01_CLEBER_MACHADO');
Insert into T_SSP_FISCAL (CD_FISCAL,NM_FISCAL,DS_INTERNO_FISCAL) values ('2','Gaules da Tribo','02_GAULES_TRIBO');
Insert into T_SSP_FISCAL (CD_FISCAL,NM_FISCAL,DS_INTERNO_FISCAL) values ('3','Benjamin Arrola','03_BENJAMIN_ARROLA');

Insert into T_SSP_LOG_FISC (CD_LOG_FISCAL,T_SSP_FISCAL_CD_FISCAL,T_SSP_LOGR_CD_LOGR,ST_LOG_FISCAL) values ('1','1','16','A');
Insert into T_SSP_LOG_FISC (CD_LOG_FISCAL,T_SSP_FISCAL_CD_FISCAL,T_SSP_LOGR_CD_LOGR,ST_LOG_FISCAL) values ('2','2','17','A');
Insert into T_SSP_LOG_FISC (CD_LOG_FISCAL,T_SSP_FISCAL_CD_FISCAL,T_SSP_LOGR_CD_LOGR,ST_LOG_FISCAL) values ('3','3','18','A');
Insert into T_SSP_LOG_FISC (CD_LOG_FISCAL,T_SSP_FISCAL_CD_FISCAL,T_SSP_LOGR_CD_LOGR,ST_LOG_FISCAL) values ('4','1','19','A');
Insert into T_SSP_LOG_FISC (CD_LOG_FISCAL,T_SSP_FISCAL_CD_FISCAL,T_SSP_LOGR_CD_LOGR,ST_LOG_FISCAL) values ('5','2','20','A');
Insert into T_SSP_LOG_FISC (CD_LOG_FISCAL,T_SSP_FISCAL_CD_FISCAL,T_SSP_LOGR_CD_LOGR,ST_LOG_FISCAL) values ('6','3','21','A');
Insert into T_SSP_LOG_FISC (CD_LOG_FISCAL,T_SSP_FISCAL_CD_FISCAL,T_SSP_LOGR_CD_LOGR,ST_LOG_FISCAL) values ('7','1','22','A');
Insert into T_SSP_LOG_FISC (CD_LOG_FISCAL,T_SSP_FISCAL_CD_FISCAL,T_SSP_LOGR_CD_LOGR,ST_LOG_FISCAL) values ('8','2','23','A');

Insert into T_SSP_FABRICANTE_VEICULO (CD_FABRICANTE,NM_FABRICANTE) values ('1','Citroen');
Insert into T_SSP_FABRICANTE_VEICULO (CD_FABRICANTE,NM_FABRICANTE) values ('2','GM');
Insert into T_SSP_FABRICANTE_VEICULO (CD_FABRICANTE,NM_FABRICANTE) values ('3','Fiat');
Insert into T_SSP_FABRICANTE_VEICULO (CD_FABRICANTE,NM_FABRICANTE) values ('4','Ford');
Insert into T_SSP_FABRICANTE_VEICULO (CD_FABRICANTE,NM_FABRICANTE) values ('5','Honda');
Insert into T_SSP_FABRICANTE_VEICULO (CD_FABRICANTE,NM_FABRICANTE) values ('6','Peugeot');
Insert into T_SSP_FABRICANTE_VEICULO (CD_FABRICANTE,NM_FABRICANTE) values ('7','Renault');
Insert into T_SSP_FABRICANTE_VEICULO (CD_FABRICANTE,NM_FABRICANTE) values ('8','Toyota');
Insert into T_SSP_FABRICANTE_VEICULO (CD_FABRICANTE,NM_FABRICANTE) values ('9','VolksWagem');
Insert into T_SSP_FABRICANTE_VEICULO (CD_FABRICANTE,NM_FABRICANTE) values ('10','Yamaha');
Insert into T_SSP_FABRICANTE_VEICULO (CD_FABRICANTE,NM_FABRICANTE) values ('11','Suzuki');

Insert into T_SSP_MODELO_VEICULO (CD_MODELO_VEICULO,NM_MODELO_VEICULO,NR_LARGURA_VEICULO,NR_COMPRIMENTO_VEICULO) values ('1','C3 Exclusive 1.4 Flex 8V 5P','170','460');
Insert into T_SSP_MODELO_VEICULO (CD_MODELO_VEICULO,NM_MODELO_VEICULO,NR_LARGURA_VEICULO,NR_COMPRIMENTO_VEICULO) values ('2','Celta 1.0/ Super 1.0 Mpfi Vhc 8V 5P','170','460');
Insert into T_SSP_MODELO_VEICULO (CD_MODELO_VEICULO,NM_MODELO_VEICULO,NR_LARGURA_VEICULO,NR_COMPRIMENTO_VEICULO) values ('3','Linea 1.9 Lx Dualogic Flex 16V 4P','170','460');
Insert into T_SSP_MODELO_VEICULO (CD_MODELO_VEICULO,NM_MODELO_VEICULO,NR_LARGURA_VEICULO,NR_COMPRIMENTO_VEICULO) values ('4','Ecosport Xl 1.6/ 1.6 Flex 8V 5P','170','460');
Insert into T_SSP_MODELO_VEICULO (CD_MODELO_VEICULO,NM_MODELO_VEICULO,NR_LARGURA_VEICULO,NR_COMPRIMENTO_VEICULO) values ('5','Civic Hatch Lx Aut','170','460');
Insert into T_SSP_MODELO_VEICULO (CD_MODELO_VEICULO,NM_MODELO_VEICULO,NR_LARGURA_VEICULO,NR_COMPRIMENTO_VEICULO) values ('6','206 Allure 1.6 Flex 16V 5P','170','460');
Insert into T_SSP_MODELO_VEICULO (CD_MODELO_VEICULO,NM_MODELO_VEICULO,NR_LARGURA_VEICULO,NR_COMPRIMENTO_VEICULO) values ('7','Clio Auth. /Air Hi-Flex 1.6 16V 5P','170','460');
Insert into T_SSP_MODELO_VEICULO (CD_MODELO_VEICULO,NM_MODELO_VEICULO,NR_LARGURA_VEICULO,NR_COMPRIMENTO_VEICULO) values ('8','Corolla Fielder Sw 1.8/1.8 Xei Flex Aut.','170','460');
Insert into T_SSP_MODELO_VEICULO (CD_MODELO_VEICULO,NM_MODELO_VEICULO,NR_LARGURA_VEICULO,NR_COMPRIMENTO_VEICULO) values ('9','Golf 2.0/ 2.0 Mi Flex Aut.','170','460');
Insert into T_SSP_MODELO_VEICULO (CD_MODELO_VEICULO,NM_MODELO_VEICULO,NR_LARGURA_VEICULO,NR_COMPRIMENTO_VEICULO) values ('10','XJ6-N ','80','190');
Insert into T_SSP_MODELO_VEICULO (CD_MODELO_VEICULO,NM_MODELO_VEICULO,NR_LARGURA_VEICULO,NR_COMPRIMENTO_VEICULO) values ('11','Gsr 150','80','190');
Insert into T_SSP_MODELO_VEICULO (CD_MODELO_VEICULO,NM_MODELO_VEICULO,NR_LARGURA_VEICULO,NR_COMPRIMENTO_VEICULO) values ('12','Cg-160','80','190');
Insert into T_SSP_MODELO_VEICULO (CD_MODELO_VEICULO,NM_MODELO_VEICULO,NR_LARGURA_VEICULO,NR_COMPRIMENTO_VEICULO) values ('13','Saveiro Surf 1.6 Mi Total Flex 2P','170','460');
Insert into T_SSP_MODELO_VEICULO (CD_MODELO_VEICULO,NM_MODELO_VEICULO,NR_LARGURA_VEICULO,NR_COMPRIMENTO_VEICULO) values ('14','Spacefox Comfortline 1.6 Mi T.Flex 8V 4P','170','460');
Insert into T_SSP_MODELO_VEICULO (CD_MODELO_VEICULO,NM_MODELO_VEICULO,NR_LARGURA_VEICULO,NR_COMPRIMENTO_VEICULO) values ('15','Hilux Cd Srv D4-D 4X2 3.0 163Cv Tdi Dies','190','531');

Insert into T_SSP_COR_VEICULO (CD_COR,NM_COR) values ('1','Preto');
Insert into T_SSP_COR_VEICULO (CD_COR,NM_COR) values ('2','Prata');
Insert into T_SSP_COR_VEICULO (CD_COR,NM_COR) values ('3','Vermelho');
Insert into T_SSP_COR_VEICULO (CD_COR,NM_COR) values ('4','Perola');
Insert into T_SSP_COR_VEICULO (CD_COR,NM_COR) values ('5','Verde');
Insert into T_SSP_COR_VEICULO (CD_COR,NM_COR) values ('6','Azul ');
Insert into T_SSP_COR_VEICULO (CD_COR,NM_COR) values ('7','Branco');
Insert into T_SSP_COR_VEICULO (CD_COR,NM_COR) values ('8','Chumbo');

Insert into T_SSP_CLIENTE (CD_CLIENTE,NM_CLIENTE,ST_CLIENTE,DS_EMAIL,NR_TELEFONE,NM_LOGIN,DS_SENHA) values ('1','Ana Carolina','A','anacarolina@gmail.com','(11) 80629-8011','anacarolina','4m1WqR3w');
Insert into T_SSP_CLIENTE (CD_CLIENTE,NM_CLIENTE,ST_CLIENTE,DS_EMAIL,NR_TELEFONE,NM_LOGIN,DS_SENHA) values ('2','Antonio de Oliveira','A','antonioeira@hotmail.com','(11) 65877-6477','antonioeira','519Eam3E');
Insert into T_SSP_CLIENTE (CD_CLIENTE,NM_CLIENTE,ST_CLIENTE,DS_EMAIL,NR_TELEFONE,NM_LOGIN,DS_SENHA) values ('3','Arthur Carvalho','A','artrv45@yahoo.com.br','(11) 37924-5179','artrv45','E5HT1v5S');
Insert into T_SSP_CLIENTE (CD_CLIENTE,NM_CLIENTE,ST_CLIENTE,DS_EMAIL,NR_TELEFONE,NM_LOGIN,DS_SENHA) values ('4','Beatriz Montenegro','A','beatriz3458@hotmail.com','(11) 81797-2829','beatriz3458','4H89NgWp');
Insert into T_SSP_CLIENTE (CD_CLIENTE,NM_CLIENTE,ST_CLIENTE,DS_EMAIL,NR_TELEFONE,NM_LOGIN,DS_SENHA) values ('5','Bruno Machado','A','brunomarch19@gmail.com','(11) 73434-7421','brunomarch19','mWI03379');
Insert into T_SSP_CLIENTE (CD_CLIENTE,NM_CLIENTE,ST_CLIENTE,DS_EMAIL,NR_TELEFONE,NM_LOGIN,DS_SENHA) values ('6','Elisa Trindade','A','Elitrind32@outlook.com','(11) 11898-5377','Elitrind32','IxL5lv24');
Insert into T_SSP_CLIENTE (CD_CLIENTE,NM_CLIENTE,ST_CLIENTE,DS_EMAIL,NR_TELEFONE,NM_LOGIN,DS_SENHA) values ('7','Joao da Silva','A','joaoslv45@gmail.com','(11) 16010-5237','joaoslv45','55vXh3a8');
Insert into T_SSP_CLIENTE (CD_CLIENTE,NM_CLIENTE,ST_CLIENTE,DS_EMAIL,NR_TELEFONE,NM_LOGIN,DS_SENHA) values ('8','Livia Duarte','A','liviadte521@hotmail.com','(11) 26475-9257','liviadte521','jBTj574m');
Insert into T_SSP_CLIENTE (CD_CLIENTE,NM_CLIENTE,ST_CLIENTE,DS_EMAIL,NR_TELEFONE,NM_LOGIN,DS_SENHA) values ('9','Luiz Gustavo','A','luigt15@outlook.com','(11) 47980-5734','luigt15','7xY0M2j2');
Insert into T_SSP_CLIENTE (CD_CLIENTE,NM_CLIENTE,ST_CLIENTE,DS_EMAIL,NR_TELEFONE,NM_LOGIN,DS_SENHA) values ('10','Melissa Fagundes','A','melundes367@gmail.com','(11) 26695-6659','melundes367','839rMW1I');
Insert into T_SSP_CLIENTE (CD_CLIENTE,NM_CLIENTE,ST_CLIENTE,DS_EMAIL,NR_TELEFONE,NM_LOGIN,DS_SENHA) values ('11','Fernando Silva','A','ergonescritorio@terra.com.br','(11) 66573-5168','fers74a','a8zk6B35');
Insert into T_SSP_CLIENTE (CD_CLIENTE,NM_CLIENTE,ST_CLIENTE,DS_EMAIL,NR_TELEFONE,NM_LOGIN,DS_SENHA) values ('12','Danilo Batista Jacob','A','contato@logiplas.com.br','(11) 49065-8556','danilobatjac','l5FP0a5h');
Insert into T_SSP_CLIENTE (CD_CLIENTE,NM_CLIENTE,ST_CLIENTE,DS_EMAIL,NR_TELEFONE,NM_LOGIN,DS_SENHA) values ('13','Katia Regina Frederico de Godoy','A','katia@plastimoldes.com.br','(11) 15310-8139','katiarfdg','6t9R8l3c');
Insert into T_SSP_CLIENTE (CD_CLIENTE,NM_CLIENTE,ST_CLIENTE,DS_EMAIL,NR_TELEFONE,NM_LOGIN,DS_SENHA) values ('14','Marlene Aparecida Facini Floriano','A','elpozza@yahoo.com','(11) 89779-2760','marleneapff','v4HT29w0');
Insert into T_SSP_CLIENTE (CD_CLIENTE,NM_CLIENTE,ST_CLIENTE,DS_EMAIL,NR_TELEFONE,NM_LOGIN,DS_SENHA) values ('15','Valeria Martinez Fazolin','A','plastifaz@plastifaz.com.br','(11) 51835-2386','valmarf','9cIx7qr7');

Insert into T_SSP_LOG_CLI (CD_LOG_CLI,T_SSP_LOGR_CD_LOGR,T_SSP_CLIENTE_CD_CLIENTE,NR_NUMERO_LOGRADOURO,DS_COMPLEMENTO_LOG) values ('1','1','1','88','Rua');
Insert into T_SSP_LOG_CLI (CD_LOG_CLI,T_SSP_LOGR_CD_LOGR,T_SSP_CLIENTE_CD_CLIENTE,NR_NUMERO_LOGRADOURO,DS_COMPLEMENTO_LOG) values ('2','2','2','307','Rua');
Insert into T_SSP_LOG_CLI (CD_LOG_CLI,T_SSP_LOGR_CD_LOGR,T_SSP_CLIENTE_CD_CLIENTE,NR_NUMERO_LOGRADOURO,DS_COMPLEMENTO_LOG) values ('3','3','3','63','Rua');
Insert into T_SSP_LOG_CLI (CD_LOG_CLI,T_SSP_LOGR_CD_LOGR,T_SSP_CLIENTE_CD_CLIENTE,NR_NUMERO_LOGRADOURO,DS_COMPLEMENTO_LOG) values ('4','4','4','361','Rua');
Insert into T_SSP_LOG_CLI (CD_LOG_CLI,T_SSP_LOGR_CD_LOGR,T_SSP_CLIENTE_CD_CLIENTE,NR_NUMERO_LOGRADOURO,DS_COMPLEMENTO_LOG) values ('5','5','5','246','Rua');
Insert into T_SSP_LOG_CLI (CD_LOG_CLI,T_SSP_LOGR_CD_LOGR,T_SSP_CLIENTE_CD_CLIENTE,NR_NUMERO_LOGRADOURO,DS_COMPLEMENTO_LOG) values ('6','6','6','443','Rua');
Insert into T_SSP_LOG_CLI (CD_LOG_CLI,T_SSP_LOGR_CD_LOGR,T_SSP_CLIENTE_CD_CLIENTE,NR_NUMERO_LOGRADOURO,DS_COMPLEMENTO_LOG) values ('7','7','7','199','Rua');
Insert into T_SSP_LOG_CLI (CD_LOG_CLI,T_SSP_LOGR_CD_LOGR,T_SSP_CLIENTE_CD_CLIENTE,NR_NUMERO_LOGRADOURO,DS_COMPLEMENTO_LOG) values ('8','8','8','767','Rua');
Insert into T_SSP_LOG_CLI (CD_LOG_CLI,T_SSP_LOGR_CD_LOGR,T_SSP_CLIENTE_CD_CLIENTE,NR_NUMERO_LOGRADOURO,DS_COMPLEMENTO_LOG) values ('9','9','9','66','Rua');
Insert into T_SSP_LOG_CLI (CD_LOG_CLI,T_SSP_LOGR_CD_LOGR,T_SSP_CLIENTE_CD_CLIENTE,NR_NUMERO_LOGRADOURO,DS_COMPLEMENTO_LOG) values ('10','10','10','367','Rua');
Insert into T_SSP_LOG_CLI (CD_LOG_CLI,T_SSP_LOGR_CD_LOGR,T_SSP_CLIENTE_CD_CLIENTE,NR_NUMERO_LOGRADOURO,DS_COMPLEMENTO_LOG) values ('11','11','11','500','Rua');
Insert into T_SSP_LOG_CLI (CD_LOG_CLI,T_SSP_LOGR_CD_LOGR,T_SSP_CLIENTE_CD_CLIENTE,NR_NUMERO_LOGRADOURO,DS_COMPLEMENTO_LOG) values ('12','12','12','26','Viela');
Insert into T_SSP_LOG_CLI (CD_LOG_CLI,T_SSP_LOGR_CD_LOGR,T_SSP_CLIENTE_CD_CLIENTE,NR_NUMERO_LOGRADOURO,DS_COMPLEMENTO_LOG) values ('13','13','13','145','Rua');
Insert into T_SSP_LOG_CLI (CD_LOG_CLI,T_SSP_LOGR_CD_LOGR,T_SSP_CLIENTE_CD_CLIENTE,NR_NUMERO_LOGRADOURO,DS_COMPLEMENTO_LOG) values ('14','14','14','248','Rua');
Insert into T_SSP_LOG_CLI (CD_LOG_CLI,T_SSP_LOGR_CD_LOGR,T_SSP_CLIENTE_CD_CLIENTE,NR_NUMERO_LOGRADOURO,DS_COMPLEMENTO_LOG) values ('15','15','15','180','Rua');

Insert into T_SSP_DADOS_FINANCEIROS (CD_DADOS_FINANCEIROS,T_SSP_CLIENTE_CD_CLIENTE,NR_CARTAO,NR_DIGITO_CARTAO,DT_VENCIMENTO_CARTAO) values ('1','1','5234060695787370','658',to_date('13/10/24','DD/MM/RR'));
Insert into T_SSP_DADOS_FINANCEIROS (CD_DADOS_FINANCEIROS,T_SSP_CLIENTE_CD_CLIENTE,NR_CARTAO,NR_DIGITO_CARTAO,DT_VENCIMENTO_CARTAO) values ('2','2','5206081202007340','205',to_date('20/09/24','DD/MM/RR'));
Insert into T_SSP_DADOS_FINANCEIROS (CD_DADOS_FINANCEIROS,T_SSP_CLIENTE_CD_CLIENTE,NR_CARTAO,NR_DIGITO_CARTAO,DT_VENCIMENTO_CARTAO) values ('3','3','5440707152331060','901',to_date('23/10/23','DD/MM/RR'));
Insert into T_SSP_DADOS_FINANCEIROS (CD_DADOS_FINANCEIROS,T_SSP_CLIENTE_CD_CLIENTE,NR_CARTAO,NR_DIGITO_CARTAO,DT_VENCIMENTO_CARTAO) values ('4','4','4716021225885020','960',to_date('05/07/23','DD/MM/RR'));
Insert into T_SSP_DADOS_FINANCEIROS (CD_DADOS_FINANCEIROS,T_SSP_CLIENTE_CD_CLIENTE,NR_CARTAO,NR_DIGITO_CARTAO,DT_VENCIMENTO_CARTAO) values ('5','5','4485619057685610','977',to_date('11/09/24','DD/MM/RR'));
Insert into T_SSP_DADOS_FINANCEIROS (CD_DADOS_FINANCEIROS,T_SSP_CLIENTE_CD_CLIENTE,NR_CARTAO,NR_DIGITO_CARTAO,DT_VENCIMENTO_CARTAO) values ('6','6','3744872771266000','948',to_date('14/11/24','DD/MM/RR'));
Insert into T_SSP_DADOS_FINANCEIROS (CD_DADOS_FINANCEIROS,T_SSP_CLIENTE_CD_CLIENTE,NR_CARTAO,NR_DIGITO_CARTAO,DT_VENCIMENTO_CARTAO) values ('7','7','5255431523866980','903',to_date('10/05/25','DD/MM/RR'));
Insert into T_SSP_DADOS_FINANCEIROS (CD_DADOS_FINANCEIROS,T_SSP_CLIENTE_CD_CLIENTE,NR_CARTAO,NR_DIGITO_CARTAO,DT_VENCIMENTO_CARTAO) values ('8','8','5258842306415030','925',to_date('08/04/27','DD/MM/RR'));
Insert into T_SSP_DADOS_FINANCEIROS (CD_DADOS_FINANCEIROS,T_SSP_CLIENTE_CD_CLIENTE,NR_CARTAO,NR_DIGITO_CARTAO,DT_VENCIMENTO_CARTAO) values ('9','9','5128904350010780','974',to_date('16/03/26','DD/MM/RR'));
Insert into T_SSP_DADOS_FINANCEIROS (CD_DADOS_FINANCEIROS,T_SSP_CLIENTE_CD_CLIENTE,NR_CARTAO,NR_DIGITO_CARTAO,DT_VENCIMENTO_CARTAO) values ('10','10','5371033888900880','547',to_date('15/07/25','DD/MM/RR'));
Insert into T_SSP_DADOS_FINANCEIROS (CD_DADOS_FINANCEIROS,T_SSP_CLIENTE_CD_CLIENTE,NR_CARTAO,NR_DIGITO_CARTAO,DT_VENCIMENTO_CARTAO) values ('11','11','5550977391452850','841',to_date('18/02/27','DD/MM/RR'));
Insert into T_SSP_DADOS_FINANCEIROS (CD_DADOS_FINANCEIROS,T_SSP_CLIENTE_CD_CLIENTE,NR_CARTAO,NR_DIGITO_CARTAO,DT_VENCIMENTO_CARTAO) values ('12','12','5269693598055590','654',to_date('15/04/23','DD/MM/RR'));
Insert into T_SSP_DADOS_FINANCEIROS (CD_DADOS_FINANCEIROS,T_SSP_CLIENTE_CD_CLIENTE,NR_CARTAO,NR_DIGITO_CARTAO,DT_VENCIMENTO_CARTAO) values ('13','13','5156655536667340','795',to_date('11/07/28','DD/MM/RR'));
Insert into T_SSP_DADOS_FINANCEIROS (CD_DADOS_FINANCEIROS,T_SSP_CLIENTE_CD_CLIENTE,NR_CARTAO,NR_DIGITO_CARTAO,DT_VENCIMENTO_CARTAO) values ('14','14','5571995249307410','245',to_date('09/12/25','DD/MM/RR'));
Insert into T_SSP_DADOS_FINANCEIROS (CD_DADOS_FINANCEIROS,T_SSP_CLIENTE_CD_CLIENTE,NR_CARTAO,NR_DIGITO_CARTAO,DT_VENCIMENTO_CARTAO) values ('15','15','5326188823593010','678',to_date('01/03/27','DD/MM/RR'));

Insert into T_SSP_CLI_FISICO (CD_CLI_FISICO,T_SSP_CLIENTE_CD_CLIENTE,NR_CPF,FL_SEXO_BIOLOGICO) values ('1','1','67908998046','F');
Insert into T_SSP_CLI_FISICO (CD_CLI_FISICO,T_SSP_CLIENTE_CD_CLIENTE,NR_CPF,FL_SEXO_BIOLOGICO) values ('2','2','77505942050','M');
Insert into T_SSP_CLI_FISICO (CD_CLI_FISICO,T_SSP_CLIENTE_CD_CLIENTE,NR_CPF,FL_SEXO_BIOLOGICO) values ('3','3','71701897040','M');
Insert into T_SSP_CLI_FISICO (CD_CLI_FISICO,T_SSP_CLIENTE_CD_CLIENTE,NR_CPF,FL_SEXO_BIOLOGICO) values ('4','4','48016375820','F');
Insert into T_SSP_CLI_FISICO (CD_CLI_FISICO,T_SSP_CLIENTE_CD_CLIENTE,NR_CPF,FL_SEXO_BIOLOGICO) values ('5','5','16152708842','M');
Insert into T_SSP_CLI_FISICO (CD_CLI_FISICO,T_SSP_CLIENTE_CD_CLIENTE,NR_CPF,FL_SEXO_BIOLOGICO) values ('6','6','94390462873','F');
Insert into T_SSP_CLI_FISICO (CD_CLI_FISICO,T_SSP_CLIENTE_CD_CLIENTE,NR_CPF,FL_SEXO_BIOLOGICO) values ('7','7','72892361818','M');
Insert into T_SSP_CLI_FISICO (CD_CLI_FISICO,T_SSP_CLIENTE_CD_CLIENTE,NR_CPF,FL_SEXO_BIOLOGICO) values ('8','8','85448475876','F');
Insert into T_SSP_CLI_FISICO (CD_CLI_FISICO,T_SSP_CLIENTE_CD_CLIENTE,NR_CPF,FL_SEXO_BIOLOGICO) values ('9','9','35819149807','M');
Insert into T_SSP_CLI_FISICO (CD_CLI_FISICO,T_SSP_CLIENTE_CD_CLIENTE,NR_CPF,FL_SEXO_BIOLOGICO) values ('10','10','22904403884','F');


Insert into T_SSP_CLI_JURIDICO (CD_CLI_JURIDICO,T_SSP_CLIENTE_CD_CLIENTE,NR_CNPJ) values ('1','11','22597143000165');
Insert into T_SSP_CLI_JURIDICO (CD_CLI_JURIDICO,T_SSP_CLIENTE_CD_CLIENTE,NR_CNPJ) values ('2','12','11204048000138');
Insert into T_SSP_CLI_JURIDICO (CD_CLI_JURIDICO,T_SSP_CLIENTE_CD_CLIENTE,NR_CNPJ) values ('3','13','12232522000106');
Insert into T_SSP_CLI_JURIDICO (CD_CLI_JURIDICO,T_SSP_CLIENTE_CD_CLIENTE,NR_CNPJ) values ('4','14','41497831000106');
Insert into T_SSP_CLI_JURIDICO (CD_CLI_JURIDICO,T_SSP_CLIENTE_CD_CLIENTE,NR_CNPJ) values ('5','15','01226746000180');

Insert into T_SSP_VEICULO (CD_VEICULO,T_SSP_MOD_VEIC_CD_MOD_VEIC,T_SSP_CLIENTE_CD_CLIENTE,NR_PLACA,ST_VEICULO,T_SSP_FABR_VEIC_CD_FABR,T_SSP_COR_VEIC_CD_COR) values ('1','1','1','EOE-1950','A','1','1');
Insert into T_SSP_VEICULO (CD_VEICULO,T_SSP_MOD_VEIC_CD_MOD_VEIC,T_SSP_CLIENTE_CD_CLIENTE,NR_PLACA,ST_VEICULO,T_SSP_FABR_VEIC_CD_FABR,T_SSP_COR_VEIC_CD_COR) values ('2','2','2','GJH-7413','A','2','6');
Insert into T_SSP_VEICULO (CD_VEICULO,T_SSP_MOD_VEIC_CD_MOD_VEIC,T_SSP_CLIENTE_CD_CLIENTE,NR_PLACA,ST_VEICULO,T_SSP_FABR_VEIC_CD_FABR,T_SSP_COR_VEIC_CD_COR) values ('3','3','3','FQU-1013','A','3','4');
Insert into T_SSP_VEICULO (CD_VEICULO,T_SSP_MOD_VEIC_CD_MOD_VEIC,T_SSP_CLIENTE_CD_CLIENTE,NR_PLACA,ST_VEICULO,T_SSP_FABR_VEIC_CD_FABR,T_SSP_COR_VEIC_CD_COR) values ('4','4','4','CDZ-6995','A','4','8');
Insert into T_SSP_VEICULO (CD_VEICULO,T_SSP_MOD_VEIC_CD_MOD_VEIC,T_SSP_CLIENTE_CD_CLIENTE,NR_PLACA,ST_VEICULO,T_SSP_FABR_VEIC_CD_FABR,T_SSP_COR_VEIC_CD_COR) values ('5','5','5','BHP-3988','A','5','7');
Insert into T_SSP_VEICULO (CD_VEICULO,T_SSP_MOD_VEIC_CD_MOD_VEIC,T_SSP_CLIENTE_CD_CLIENTE,NR_PLACA,ST_VEICULO,T_SSP_FABR_VEIC_CD_FABR,T_SSP_COR_VEIC_CD_COR) values ('6','6','6','FXG-9326','A','6','2');
Insert into T_SSP_VEICULO (CD_VEICULO,T_SSP_MOD_VEIC_CD_MOD_VEIC,T_SSP_CLIENTE_CD_CLIENTE,NR_PLACA,ST_VEICULO,T_SSP_FABR_VEIC_CD_FABR,T_SSP_COR_VEIC_CD_COR) values ('7','7','7','ETH-5797','A','7','3');
Insert into T_SSP_VEICULO (CD_VEICULO,T_SSP_MOD_VEIC_CD_MOD_VEIC,T_SSP_CLIENTE_CD_CLIENTE,NR_PLACA,ST_VEICULO,T_SSP_FABR_VEIC_CD_FABR,T_SSP_COR_VEIC_CD_COR) values ('8','8','8','EQZ-3010','A','8','1');
Insert into T_SSP_VEICULO (CD_VEICULO,T_SSP_MOD_VEIC_CD_MOD_VEIC,T_SSP_CLIENTE_CD_CLIENTE,NR_PLACA,ST_VEICULO,T_SSP_FABR_VEIC_CD_FABR,T_SSP_COR_VEIC_CD_COR) values ('9','9','9','CYN-3640','A','9','4');
Insert into T_SSP_VEICULO (CD_VEICULO,T_SSP_MOD_VEIC_CD_MOD_VEIC,T_SSP_CLIENTE_CD_CLIENTE,NR_PLACA,ST_VEICULO,T_SSP_FABR_VEIC_CD_FABR,T_SSP_COR_VEIC_CD_COR) values ('10','10','10','CQX-8360','A','10','5');
Insert into T_SSP_VEICULO (CD_VEICULO,T_SSP_MOD_VEIC_CD_MOD_VEIC,T_SSP_CLIENTE_CD_CLIENTE,NR_PLACA,ST_VEICULO,T_SSP_FABR_VEIC_CD_FABR,T_SSP_COR_VEIC_CD_COR) values ('11','11','11','CEO-0918','A','11','2');
Insert into T_SSP_VEICULO (CD_VEICULO,T_SSP_MOD_VEIC_CD_MOD_VEIC,T_SSP_CLIENTE_CD_CLIENTE,NR_PLACA,ST_VEICULO,T_SSP_FABR_VEIC_CD_FABR,T_SSP_COR_VEIC_CD_COR) values ('12','12','12','DND-3069','A','5','6');
Insert into T_SSP_VEICULO (CD_VEICULO,T_SSP_MOD_VEIC_CD_MOD_VEIC,T_SSP_CLIENTE_CD_CLIENTE,NR_PLACA,ST_VEICULO,T_SSP_FABR_VEIC_CD_FABR,T_SSP_COR_VEIC_CD_COR) values ('13','13','13','DAN-9583','A','9','3');
Insert into T_SSP_VEICULO (CD_VEICULO,T_SSP_MOD_VEIC_CD_MOD_VEIC,T_SSP_CLIENTE_CD_CLIENTE,NR_PLACA,ST_VEICULO,T_SSP_FABR_VEIC_CD_FABR,T_SSP_COR_VEIC_CD_COR) values ('14','14','14','EFU-5580','A','9','1');
Insert into T_SSP_VEICULO (CD_VEICULO,T_SSP_MOD_VEIC_CD_MOD_VEIC,T_SSP_CLIENTE_CD_CLIENTE,NR_PLACA,ST_VEICULO,T_SSP_FABR_VEIC_CD_FABR,T_SSP_COR_VEIC_CD_COR) values ('15','15','15','FLN-8599','A','8','7');
